{
  "date": "2025-08-03",
  "count": 12,
  "downloaded_issues": [
    {
      "url": "https://adt.arcanum.com/en/view/GazetaMatematica_1939-40",
      "title": "Gazeta Matematica, 1939-1940 (Anul 45, nr. 1-12)",
      "subtitle": "1939-09-01 / nr. 1",
      "pages": 788,
      "completed_at": "2025-08-03T16:39:00",
      "last_successful_segment_end": 788,
      "total_pages": 788
    },
    {
      "url": "https://adt.arcanum.com/en/view/GazetaMatematica_1939-40_Sup",
      "title": "Gazeta Matematica - Supliment cu Exerci\u0163ii, 1939-1940 (Anul 6, nr. 1-9)",
      "subtitle": "1939-10-01 / nr. 1",
      "pages": 270,
      "completed_at": "2025-08-03T16:40:21",
      "last_successful_segment_end": 270,
      "total_pages": 270
    },
    {
      "url": "https://adt.arcanum.com/en/view/GazetaMatematica_1940-41",
      "title": "Gazeta Matematica, 1940-1941 (Anul 46, nr. 1-12)",
      "subtitle": "1940-09-01 / nr. 1",
      "pages": 802,
      "completed_at": "2025-08-03T16:43:58",
      "last_successful_segment_end": 802,
      "total_pages": 802
    },
    {
      "url": "https://adt.arcanum.com/en/view/GazetaMatematica_1940-41_Sup",
      "title": "Gazeta Matematica - Supliment cu Exerci\u0163ii, 1940-1941 (Anul 7, nr. 1-9)",
      "subtitle": "1940-10-01 / nr. 1",
      "pages": 264,
      "completed_at": "2025-08-03T16:45:17",
      "last_successful_segment_end": 264,
      "total_pages": 264
    },
    {
      "url": "https://adt.arcanum.com/en/view/GazetaMatematica_1941-42",
      "title": "Gazeta Matematica, 1941-1942 (Anul 47, nr. 1-12)",
      "subtitle": "1941-09-01 / nr. 1",
      "pages": 690,
      "completed_at": "2025-08-03T16:48:15",
      "last_successful_segment_end": 690,
      "total_pages": 690
    },
    {
      "url": "https://adt.arcanum.com/en/view/GazetaMatematica_1941-42_Sup",
      "title": "Gazeta Matematica - Supliment cu Exerci\u0163ii, 1941-1942 (Anul 8, nr. 1-9)",
      "subtitle": "1941-10-01 / nr. 1",
      "pages": 194,
      "completed_at": "2025-08-03T16:49:09",
      "last_successful_segment_end": 194,
      "total_pages": 194
    },
    {
      "url": "https://adt.arcanum.com/en/view/GazetaMatematica_1942-43",
      "title": "Gazeta Matematica, 1942-1943 (Anul 48, nr. 1-12)",
      "subtitle": "1942-09-01 / nr. 1",
      "pages": 690,
      "completed_at": "2025-08-03T16:52:12",
      "last_successful_segment_end": 690,
      "total_pages": 690
    },
    {
      "url": "https://adt.arcanum.com/en/view/GazetaMatematica_1942-43_Sup",
      "title": "Gazeta Matematica - Supliment cu Exerci\u0163ii, 1942-1943 (Anul 9, nr. 1-9)",
      "subtitle": "1942-10-01 / nr. 1",
      "pages": 224,
      "completed_at": "2025-08-03T16:53:19",
      "last_successful_segment_end": 224,
      "total_pages": 224
    },
    {
      "url": "https://adt.arcanum.com/en/view/GazetaMatematica_1943-44",
      "title": "Gazeta Matematica, 1943-1944 (Anul 49, nr. 1-12)",
      "subtitle": "1943-09-01 / nr. 1",
      "pages": 852,
      "completed_at": "2025-08-03T16:57:15",
      "last_successful_segment_end": 852,
      "total_pages": 852
    },
    {
      "url": "https://adt.arcanum.com/en/view/GazetaMatematica_1943-44_Sup",
      "title": "Gazeta Matematica - Supliment cu Exerci\u0163ii, 1943-1944 (Anul 10, nr. 1-9)",
      "subtitle": "1943-10-01 / nr. 1",
      "pages": 178,
      "completed_at": "2025-08-03T16:58:09",
      "last_successful_segment_end": 178,
      "total_pages": 178
    },
    {
      "url": "https://adt.arcanum.com/en/view/GazetaMatematica_1944-45",
      "title": "Gazeta Matematica, 1944-45 (Anul 50, nr. 1-4)",
      "subtitle": "1944-09-01 / nr. 1",
      "pages": 224,
      "completed_at": "2025-08-03T16:59:16",
      "last_successful_segment_end": 224,
      "total_pages": 224
    },
    {
      "url": "https://adt.arcanum.com/en/view/GazetaMatematica_1944-45_Sup",
      "title": "Gazeta Matematica - Supliment cu Exerci\u0163ii, 1944 (Anul 11, nr. 1-3)",
      "subtitle": "1944-10-01 / nr. 1",
      "pages": 60,
      "completed_at": "2025-08-03T16:59:45",
      "last_successful_segment_end": 60,
      "total_pages": 60
    }
  ],
  "pages_downloaded": 5236,
  "recent_links": [
    {
      "url": "https://adt.arcanum.com/en/view/GazetaMatematica_1939-40",
      "title": "Gazeta Matematica, 1939-1940 (Anul 45, nr. 1-12)",
      "subtitle": "1939-09-01 / nr. 1",
      "pages": 788,
      "timestamp": "2025-08-03T16:39:00"
    },
    {
      "url": "https://adt.arcanum.com/en/view/GazetaMatematica_1939-40_Sup",
      "title": "Gazeta Matematica - Supliment cu Exerci\u0163ii, 1939-1940 (Anul 6, nr. 1-9)",
      "subtitle": "1939-10-01 / nr. 1",
      "pages": 270,
      "timestamp": "2025-08-03T16:40:21"
    },
    {
      "url": "https://adt.arcanum.com/en/view/GazetaMatematica_1940-41",
      "title": "Gazeta Matematica, 1940-1941 (Anul 46, nr. 1-12)",
      "subtitle": "1940-09-01 / nr. 1",
      "pages": 802,
      "timestamp": "2025-08-03T16:43:58"
    },
    {
      "url": "https://adt.arcanum.com/en/view/GazetaMatematica_1940-41_Sup",
      "title": "Gazeta Matematica - Supliment cu Exerci\u0163ii, 1940-1941 (Anul 7, nr. 1-9)",
      "subtitle": "1940-10-01 / nr. 1",
      "pages": 264,
      "timestamp": "2025-08-03T16:45:17"
    },
    {
      "url": "https://adt.arcanum.com/en/view/GazetaMatematica_1941-42",
      "title": "Gazeta Matematica, 1941-1942 (Anul 47, nr. 1-12)",
      "subtitle": "1941-09-01 / nr. 1",
      "pages": 690,
      "timestamp": "2025-08-03T16:48:15"
    },
    {
      "url": "https://adt.arcanum.com/en/view/GazetaMatematica_1941-42_Sup",
      "title": "Gazeta Matematica - Supliment cu Exerci\u0163ii, 1941-1942 (Anul 8, nr. 1-9)",
      "subtitle": "1941-10-01 / nr. 1",
      "pages": 194,
      "timestamp": "2025-08-03T16:49:09"
    },
    {
      "url": "https://adt.arcanum.com/en/view/GazetaMatematica_1942-43",
      "title": "Gazeta Matematica, 1942-1943 (Anul 48, nr. 1-12)",
      "subtitle": "1942-09-01 / nr. 1",
      "pages": 690,
      "timestamp": "2025-08-03T16:52:12"
    },
    {
      "url": "https://adt.arcanum.com/en/view/GazetaMatematica_1942-43_Sup",
      "title": "Gazeta Matematica - Supliment cu Exerci\u0163ii, 1942-1943 (Anul 9, nr. 1-9)",
      "subtitle": "1942-10-01 / nr. 1",
      "pages": 224,
      "timestamp": "2025-08-03T16:53:19"
    },
    {
      "url": "https://adt.arcanum.com/en/view/GazetaMatematica_1943-44",
      "title": "Gazeta Matematica, 1943-1944 (Anul 49, nr. 1-12)",
      "subtitle": "1943-09-01 / nr. 1",
      "pages": 852,
      "timestamp": "2025-08-03T16:57:15"
    },
    {
      "url": "https://adt.arcanum.com/en/view/GazetaMatematica_1943-44_Sup",
      "title": "Gazeta Matematica - Supliment cu Exerci\u0163ii, 1943-1944 (Anul 10, nr. 1-9)",
      "subtitle": "1943-10-01 / nr. 1",
      "pages": 178,
      "timestamp": "2025-08-03T16:58:09"
    },
    {
      "url": "https://adt.arcanum.com/en/view/GazetaMatematica_1944-45",
      "title": "Gazeta Matematica, 1944-45 (Anul 50, nr. 1-4)",
      "subtitle": "1944-09-01 / nr. 1",
      "pages": 224,
      "timestamp": "2025-08-03T16:59:16"
    },
    {
      "url": "https://adt.arcanum.com/en/view/GazetaMatematica_1944-45_Sup",
      "title": "Gazeta Matematica - Supliment cu Exerci\u0163ii, 1944 (Anul 11, nr. 1-3)",
      "subtitle": "1944-10-01 / nr. 1",
      "pages": 60,
      "timestamp": "2025-08-03T16:59:45"
    }
  ],
  "daily_limit_hit": false
}