{
  "date": "2025-08-03",
  "count": 0,
  "downloaded_issues": [
    {
      "url": "https://adt.arcanum.com/en/view/GazetaMatematicaSiFizicaSeriaB_1954",
      "title": "",
      "subtitle": "",
      "pages": 0,
      "completed_at": "",
      "last_successful_segment_end": 49,
      "total_pages": null
    },
    {
      "url": "https://adt.arcanum.com/en/view/Convietuirea_1997-1998",
      "title": "",
      "subtitle": "",
      "pages": 0,
      "completed_at": "",
      "last_successful_segment_end": 164,
      "total_pages": null
    },
    {
      "url": "https://adt.arcanum.com/en/view/Convietuirea_1997-2",
      "title": "",
      "subtitle": "",
      "pages": 0,
      "completed_at": "",
      "last_successful_segment_end": 148,
      "total_pages": null
    },
    {
      "url": "https://adt.arcanum.com/en/view/Convietuirea_1997-1998",
      "title": "",
      "subtitle": "",
      "pages": 0,
      "completed_at": "",
      "last_successful_segment_end": 164,
      "total_pages": null
    },
    {
      "url": "https://adt.arcanum.com/en/view/GazetaMatematica_1939-40",
      "title": "Gazeta Matematica, 1939-1940 (Anul 45, nr. 1-12)",
      "subtitle": "1939-09-01 / nr. 1",
      "pages": 0,
      "completed_at": "",
      "last_successful_segment_end": 0,
      "total_pages": null
    },
    {
      "url": "https://adt.arcanum.com/en/view/Convietuirea_1997-1",
      "title": "",
      "subtitle": "",
      "pages": 0,
      "completed_at": "",
      "last_successful_segment_end": 96,
      "total_pages": null
    }
  ],
  "pages_downloaded": 0,
  "recent_links": [],
  "daily_limit_hit": true,
  "main_collection_completed": false,
  "current_additional_collection_index": 0
}