{
  "date": "2025-08-04",
  "count": 3,
  "downloaded_issues": [
    {
      "url": "https://adt.arcanum.com/en/view/GazetaMatematica_1939-40",
      "title": "Gazeta Matematica, 1939-1940 (Anul 45, nr. 1-12)",
      "subtitle": "1939-09-01 / nr. 1",
      "pages": 0,
      "completed_at": "",
      "last_successful_segment_end": 0,
      "total_pages": null
    },
    {
      "url": "https://adt.arcanum.com/ro/view/Convietuirea_1997-1998",
      "title": "Convietuirea 1997 1998",
      "subtitle": "",
      "pages": 164,
      "completed_at": "2025-08-04T14:54:28",
      "last_successful_segment_end": 164,
      "total_pages": 164
    },
    {
      "url": "https://adt.arcanum.com/ro/view/Convietuirea_1997-2",
      "title": "Convietuirea 1997 2",
      "subtitle": "",
      "pages": 148,
      "completed_at": "2025-08-04T14:54:28",
      "last_successful_segment_end": 148,
      "total_pages": 148
    },
    {
      "url": "https://adt.arcanum.com/ro/view/Convietuirea_1997-1998",
      "title": "Convietuirea 1997 1998",
      "subtitle": "",
      "pages": 164,
      "completed_at": "2025-08-04T14:54:28",
      "last_successful_segment_end": 164,
      "total_pages": 164
    },
    {
      "url": "https://adt.arcanum.com/ro/view/GazetaMatematicaSiFizicaSeriaB_1954",
      "title": "Gazeta matematic\u0103 \u0219i fizic\u0103: Seria B, 1954 (Anul 5, nr. 5-12)",
      "subtitle": "1954-05-01 / nr. 5",
      "pages": 0,
      "completed_at": "",
      "last_successful_segment_end": 0,
      "total_pages": null
    },
    {
      "url": "https://adt.arcanum.com/ro/view/Convietuirea_1997-1",
      "title": "Convietuirea 1997 1",
      "subtitle": "",
      "pages": 96,
      "completed_at": "2025-08-04T14:54:28",
      "last_successful_segment_end": 96,
      "total_pages": 96
    }
  ],
  "pages_downloaded": 0,
  "recent_links": [],
  "daily_limit_hit": true,
  "main_collection_completed": false,
  "current_additional_collection_index": 0
}