{
  "date": "2025-08-11",
  "count": 9,
  "downloaded_issues": [
    {
      "url": "https://adt.arcanum.com/ro/view/StudiiSiCercetariMecanicaSiAplicata_1969",
      "title": "Studii și Cercetări de Mecanică Aplicată, 1969 (Anul 28, nr. 1-6)",
      "subtitle": "1969 / nr. 1",
      "pages": 0,
      "completed_at": "",
      "last_successful_segment_end": 599,
      "total_pages": 1648
    },
    {
      "url": "https://adt.arcanum.com/ro/view/StudiiSiCercetariMecanicaSiAplicata_1968",
      "title": "Studii și Cercetări de Mecanică Aplicată, 1968 (Anul 27, nr. 1-6)",
      "subtitle": "1968 / nr. 1",
      "pages": 1420,
      "completed_at": "2025-08-11T11:17:54",
      "last_successful_segment_end": 1420,
      "total_pages": 1420
    },
    {
      "url": "https://adt.arcanum.com/ro/view/StudiiSiCercetariMecanicaSiAplicata_1967",
      "title": "Studii și Cercetări de Mecanică Aplicată, 1967 (Tomul 24-26, nr. 1-6)",
      "subtitle": "1967 / nr. 1",
      "pages": 1402,
      "completed_at": "2025-08-11T11:02:34",
      "last_successful_segment_end": 1402,
      "total_pages": 1402
    },
    {
      "url": "https://adt.arcanum.com/ro/view/StudiiSiCercetariMecanicaSiAplicata_1966",
      "title": "Studii și Cercetări de Mecanică Aplicată, 1966 (Tomul 21-23, nr. 1-6)",
      "subtitle": "1966 / nr. 1",
      "pages": 1540,
      "completed_at": "2025-08-11T10:48:10",
      "last_successful_segment_end": 1540,
      "total_pages": 1540
    },
    {
      "url": "https://adt.arcanum.com/ro/view/StudiiSiCercetariMecanicaSiAplicata_1965",
      "title": "Studii și Cercetări de Mecanică Aplicată, 1965 (Tomul 18-20, nr. 1-6)",
      "subtitle": "1965 / nr. 1",
      "pages": 1530,
      "completed_at": "2025-08-11T10:17:22",
      "last_successful_segment_end": 1530,
      "total_pages": 1530
    },
    {
      "url": "https://adt.arcanum.com/ro/view/StudiiSiCercetariMecanicaSiAplicata_1963",
      "title": "Studii și Cercetări de Mecanică Aplicată, 1963 (Anul 14, nr. 1-6)",
      "subtitle": "1963 / nr. 1",
      "pages": 1565,
      "completed_at": "2025-08-10T11:21:24",
      "last_successful_segment_end": 1565,
      "total_pages": 1565
    },
    {
      "url": "https://adt.arcanum.com/ro/view/StudiiSiCercetariMecanicaSiAplicata_1959",
      "title": "Studii și Cercetări de Mecanică Aplicată, 1959 (Anul 10, nr. 1-4)",
      "subtitle": "1959 / nr. 1",
      "pages": 1392,
      "completed_at": "2025-08-10T08:56:00",
      "last_successful_segment_end": 1392,
      "total_pages": 1392
    },
    {
      "url": "https://adt.arcanum.com/ro/view/StudiiSiCercetariMecanicaSiAplicata_1961",
      "title": "Studii și Cercetări de Mecanică Aplicată, 1961 (Anul 12, nr. 1-6)",
      "subtitle": "1961 / nr. 1",
      "pages": 1456,
      "completed_at": "2025-08-10T08:55:00",
      "last_successful_segment_end": 1456,
      "total_pages": 1456
    },
    {
      "url": "https://adt.arcanum.com/ro/view/StudiiSiCercetariMecanicaSiAplicata_1962",
      "title": "Studii și Cercetări de Mecanică Aplicată, 1962 (Anul 13, nr. 1-6)",
      "subtitle": "1962 / nr. 1",
      "pages": 1674,
      "completed_at": "2025-08-10T07:57:27",
      "last_successful_segment_end": 1674,
      "total_pages": 1674
    },
    {
      "url": "https://adt.arcanum.com/ro/view/StudiiSiCercetariMecanicaSiAplicata_1960",
      "title": "Studii și Cercetări de Mecanică Aplicată, 1960 (Anul 11, nr. 1-6)",
      "subtitle": "1960 / nr. 1",
      "pages": 1666,
      "completed_at": "2025-08-09T10:56:45",
      "last_successful_segment_end": 1666,
      "total_pages": 1666
    }
  ],
  "pages_downloaded": 12329,
  "recent_links": [
    {
      "url": "https://adt.arcanum.com/ro/view/StudiiSiCercetariMecanicaSiAplicata_1968",
      "title": "Studii și Cercetări de Mecanică Aplicată, 1968 (Anul 27, nr. 1-6)",
      "subtitle": "1968 / nr. 1",
      "pages": 1420,
      "timestamp": "2025-08-11T11:17:54"
    },
    {
      "url": "https://adt.arcanum.com/ro/view/StudiiSiCercetariMecanicaSiAplicata_1967",
      "title": "Studii și Cercetări de Mecanică Aplicată, 1967 (Tomul 24-26, nr. 1-6)",
      "subtitle": "1967 / nr. 1",
      "pages": 1402,
      "timestamp": "2025-08-11T11:02:34"
    },
    {
      "url": "https://adt.arcanum.com/ro/view/StudiiSiCercetariMecanicaSiAplicata_1966",
      "title": "Studii și Cercetări de Mecanică Aplicată, 1966 (Tomul 21-23, nr. 1-6)",
      "subtitle": "1966 / nr. 1",
      "pages": 1540,
      "timestamp": "2025-08-11T10:48:10"
    },
    {
      "url": "https://adt.arcanum.com/ro/view/StudiiSiCercetariMecanicaSiAplicata_1965",
      "title": "Studii și Cercetări de Mecanică Aplicată, 1965 (Tomul 18-20, nr. 1-6)",
      "subtitle": "1965 / nr. 1",
      "pages": 1530,
      "timestamp": "2025-08-11T10:17:22"
    },
    {
      "url": "https://adt.arcanum.com/ro/view/StudiiSiCercetariMecanicaSiAplicata_1963",
      "title": "Studii și Cercetări de Mecanică Aplicată, 1963 (Anul 14, nr. 1-6)",
      "subtitle": "1963 / nr. 1",
      "pages": 249,
      "timestamp": "2025-08-10T08:54:41"
    },
    {
      "url": "https://adt.arcanum.com/ro/view/StudiiSiCercetariMecanicaSiAplicata_1959",
      "title": "Studii și Cercetări de Mecanică Aplicată, 1959 (Anul 10, nr. 1-4)",
      "subtitle": "1959 / nr. 1",
      "pages": 1392,
      "timestamp": "2025-08-10T08:56:00"
    },
    {
      "url": "https://adt.arcanum.com/ro/view/StudiiSiCercetariMecanicaSiAplicata_1961",
      "title": "Studii și Cercetări de Mecanică Aplicată, 1961 (Anul 12, nr. 1-6)",
      "subtitle": "1961 / nr. 1",
      "pages": 1456,
      "timestamp": "2025-08-10T08:55:00"
    },
    {
      "url": "https://adt.arcanum.com/ro/view/StudiiSiCercetariMecanicaSiAplicata_1962",
      "title": "Studii și Cercetări de Mecanică Aplicată, 1962 (Anul 13, nr. 1-6)",
      "subtitle": "1962 / nr. 1",
      "pages": 1674,
      "timestamp": "2025-08-10T07:57:27"
    },
    {
      "url": "https://adt.arcanum.com/ro/view/StudiiSiCercetariMecanicaSiAplicata_1960",
      "title": "Studii și Cercetări de Mecanică Aplicată, 1960 (Anul 11, nr. 1-6)",
      "subtitle": "1960 / nr. 1",
      "pages": 1666,
      "timestamp": "2025-08-09T10:56:45"
    }
  ],
  "daily_limit_hit": true,
  "main_collection_completed": false,
  "current_additional_collection_index": 1
}